{
  "gbt": {
    "lifetime_mae": 52.17427752748575,
    "break_dir_accuracy": 0.4697986577181208,
    "action_accuracy": 0.4597315436241611,
    "future_return_5_mae": 0.0046535512820129405,
    "future_return_5_dir_acc": 0.6208053691275168,
    "future_return_20_mae": 0.010028691889528174,
    "future_return_20_dir_acc": 0.4798657718120805,
    "future_return_60_mae": 0.017530099730701753,
    "future_return_60_dir_acc": 0.4429530201342282,
    "test_lifetime_mae": 57.42160759499752,
    "test_break_dir_acc": 0.4697986577181208,
    "test_action_acc": 0.40268456375838924
  },
  "survival": {
    "concordance_index": 0.6568715642178911,
    "best_val_loss": 5.052111625671387,
    "median_survival_mae": 15.973333358764648,
    "test_concordance": 0.567998385794996,
    "test_median_mae": 20.512821197509766
  },
  "transformer": {
    "error": "linear(): input and weight.T shapes cannot be multiplied (256x57 and 53x64)"
  },
  "trade_quality": {
    "win_accuracy": 0.6308724832214765,
    "win_auc": 0.5161629593810445,
    "pnl_mae": 1.002891969392075,
    "pnl_dir_acc": 0.47651006711409394,
    "quality_mae": 1.002891969392075,
    "quality_dir_acc": 0.47651006711409394,
    "test_win_accuracy": 0.587248322147651,
    "test_win_auc": 0.4429558652729384,
    "test_pnl_dir_acc": 0.5302013422818792
  },
  "ensemble": {
    "action_accuracy": 0.4865771812080537,
    "break_dir_accuracy": 0.4697986577181208,
    "lifetime_mae": 47.47362757748992,
    "test_action_acc": 0.40939597315436244,
    "test_break_dir_acc": 0.46308724832214765,
    "test_lifetime_mae": 49.07554084797312
  },
  "regime": {
    "regime_accuracy": 0.6879194630872483,
    "action_accuracy": 0.4697986577181208,
    "trending_up_action_acc": 0.45161290322580644,
    "trending_down_action_acc": 0.45121951219512196,
    "volatile_action_acc": 0.5294117647058824,
    "quiet_action_acc": 0.3939393939393939,
    "break_dir_accuracy": 0.4697986577181208,
    "trending_up_break_dir_acc": 0.0967741935483871,
    "trending_down_break_dir_acc": 0.43902439024390244,
    "volatile_break_dir_acc": 0.48739495798319327,
    "quiet_break_dir_acc": 0.6515151515151515,
    "test_action_acc": 0.45302013422818793,
    "test_break_dir_acc": 0.42953020134228187
  },
  "temporal_attention": {
    "action_accuracy": 0.39862542955326463,
    "break_dir_accuracy": 0.5670103092783505,
    "lifetime_mae": 59.429786682128906,
    "best_val_loss": 2.7162970113754272,
    "test_action_acc": 0.3333333333333333,
    "test_break_dir_acc": 0.41237113402061853,
    "test_lifetime_mae": 49.6782112121582
  },
  "trend_gbt": {
    "action_accuracy": 0.48109965635738833,
    "break_dir_accuracy": 0.5189003436426117,
    "lifetime_mae": 46.90625484585083,
    "test_action_acc": 0.4329896907216495,
    "test_break_dir_acc": 0.47766323024054985,
    "test_lifetime_mae": 47.48345927690629
  },
  "cv_ensemble": {
    "action_accuracy": 0.46809939556749497,
    "break_dir_accuracy": 0.5224983210208194,
    "lifetime_mae": 46.771194229995565,
    "avg_action_agreement": 0.9076218389351361,
    "avg_bd_consensus": 0.8933512424445937,
    "test_action_acc": 0.8926174496644296,
    "test_break_dir_acc": 0.9832214765100671,
    "test_lifetime_mae": 26.847859068402776,
    "test_bd_high_consensus_acc": 0.9964028776978417,
    "test_bd_high_consensus_coverage": 0.9328859060402684
  },
  "physics_residual": {
    "physics_action_acc": 0.20469798657718122,
    "physics_bd_acc": 0.39932885906040266,
    "action_correct_acc": 0.7818791946308725,
    "action_wrong_low_conf": 0.8053435114503816,
    "action_wrong_low_conf_coverage": 0.8791946308724832,
    "bd_correct_acc": 0.6510067114093959,
    "confidence_scale_mae": 0.08772700692714654,
    "lifetime_error_mae": 47.7229461577559,
    "raw_lifetime_mae": 58.16791946695955,
    "corrected_lifetime_mae": 47.7229461577559,
    "lifetime_improvement_pct": 17.956587419525277,
    "test_low_trust_err": 0.8237410071942446,
    "test_low_trust_coverage": 0.9328859060402684,
    "test_action_correct_rate": 0.18791946308724833
  },
  "adverse_movement": {
    "stop_out_auc": 0.6616008105369807,
    "stop_out_acc": 0.7885906040268457,
    "safe_signal_stop_rate": 0.20926243567753003,
    "safe_signal_coverage": 0.9781879194630873,
    "viable_auc": 0.5526421712379966,
    "viable_acc": 0.5671140939597316,
    "adverse_return_mae": 0.24024816164151855,
    "favorable_return_mae": 0.5012730309509007,
    "rr_correlation": 0.0875227491207785,
    "test_buy_safe_stop_rate": 0.3723404255319149,
    "test_sell_safe_stop_rate": 0.26621160409556316
  }
}