{
  "train_losses": [
    18.322940209477217,
    17.996028020209874,
    19.493904150638382,
    20.542595996070155,
    22.242592963975728,
    21.77642356734915,
    21.671407026113922,
    21.51709569360792,
    21.45359869101613,
    21.36698473605913
  ],
  "val_losses": [
    101683.72094726562,
    101683.72094726562,
    84607.66674804688,
    84607.66674804688,
    84607.66674804688,
    42214.10891609713,
    74916.22641165555,
    59289.409206485005,
    10451.099336101859,
    61322.43525365889
  ],
  "val_errors": [
    292.2409641265869,
    292.2409641265869,
    246.75327186584474,
    246.75327186584474,
    246.75327186584474,
    150.0694156765938,
    207.7024742603302,
    195.45817558765413,
    38.12313652187586,
    161.21478356719018
  ],
  "loss_components": {
    "primary": [
      0.50544574422781,
      0.4640663806157014,
      0.45833600393122004,
      0.4563448293921874,
      0.45691994251203294,
      0.4576128264601083,
      0.45768970316371965,
      0.45783841963281335,
      0.45736171696911154,
      0.45758879161679866
    ],
    "multi_task": [
      7.082024888279512,
      6.939991223443415,
      6.881933365900492,
      6.845395620950718,
      6.8097651404203825,
      6.776756907246776,
      6.724153781060091,
      6.7143583924499985,
      6.671040162597735,
      6.6461533744310595
    ],
    "duration": [
      0.6108256420408634,
      0.9973752125329578,
      2.2266799807548523,
      3.9868275898019063,
      6.188034484066914,
      6.171913013015826,
      6.1284715281319375,
      5.9773961022957085,
      5.947697420710141,
      5.884405531834081
    ],
    "validity": [
      0.031792431275273876,
      0.11805530659585577,
      0.2634597905364233,
      0.47181623974411757,
      0.7381760113939797,
      0.7335747796850106,
      0.7315142980402278,
      0.731732804212988,
      0.7356085570663521,
      0.7302565688324958
    ],
    "transition": [
      0.016156351038965292,
      0.041989254890028964,
      0.1112266635215006,
      0.2207117507176608,
      0.3759752237766059,
      0.3842194588067605,
      0.3881377167615694,
      0.39018144009193195,
      0.39206868671264844,
      0.39131471065362705
    ],
    "calibration": [
      0.0016838052338853326,
      0.00203016055651854,
      0.002018514458934978,
      0.0019038227319563786,
      0.001851950618486429,
      0.001860590298784916,
      0.0018239454726314114,
      0.001807995803039713,
      0.001777114788281549,
      0.0017452695234150615
    ],
    "containment": [
      0.08800000697374344,
      0.35200002789497375,
      0.7920000553131104,
      1.408000111579895,
      2.200000286102295,
      2.200000286102295,
      2.200000286102295,
      2.200000286102295,
      2.200000286102295,
      2.200000286102295
    ],
    "hit_probability": [
      9.93966779880917,
      9.04800827355729,
      8.745458183829317,
      7.165674910102923,
      5.5186030582054375,
      5.092906706726428,
      5.0756497051298,
      5.073001844981282,
      5.068004553465499,
      5.064340553947331
    ],
    "multi_tf": [
      0.05156215012179131,
      0.04717965875320213,
      0.04726548149423271,
      0.047461646558601675,
      0.04777619656482615,
      0.04773842326855076,
      0.047468246191202365,
      0.047137259140841124,
      0.04683815812471217,
      0.04658700718506018
    ],
    "entropy": [
      -0.004218642686892147,
      -0.014667686545434072,
      -0.03447367465027522,
      -0.0615403310386176,
      -0.09450968159074635,
      -0.09015977808956019,
      -0.08350248410145647,
      -0.07635923137062604,
      -0.06679830654073007,
      -0.05540770703216189
    ],
    "geo_price": [
      0.0,
      0.0,
      0.0,
      0.0,
      0.0,
      0.0,
      0.0,
      0.0,
      0.0,
      0.0
    ],
    "entropy_raw": [
      2.1093212455203854,
      1.8334607285322602,
      1.9152042303503174,
      1.9231352514212894,
      1.89019359878658,
      1.8031955339859442,
      1.6700496541470597,
      1.5271846025260454,
      1.3359661031629622,
      1.108154125281216
    ],
    "tf_weights_entropy": [
      2.34050363425127,
      2.0724934437840257,
      2.2207825021030976,
      2.2967007670205892,
      2.346149099241827,
      2.354319038464851,
      2.346396578955896,
      2.34675846149012,
      2.3327933101309943,
      2.3218318002740133
    ]
  },
  "transition_diagnostics": {
    "match_rate": 0.4742268041237113,
    "matches": 184,
    "total_batches": 388,
    "selected_tf_distribution": {
      "15min": 52,
      "3month": 184,
      "30min": 29,
      "4h": 59,
      "1h": 23,
      "2h": 10,
      "daily": 3,
      "weekly": 14,
      "monthly": 1,
      "3h": 13
    },
    "mean_tf_weights": [
      0.06800772249698639,
      0.10280723124742508,
      0.10018642991781235,
      0.09469534456729889,
      0.09301844239234924,
      0.09331962466239929,
      0.10157038271427155,
      0.078329898416996,
      0.0425817109644413,
      0.06525549292564392,
      0.16022776067256927
    ]
  },
  "best_val_loss": 10451.099336101859,
  "total_epochs": 10,
  "args": {
    "input_timeframe": "1min",
    "sequence_length": 200,
    "prediction_horizon": 24,
    "train_start_year": 2015,
    "train_end_year": 2025,
    "val_split": 0.1,
    "hidden_size": 128,
    "internal_neurons_ratio": 1.5,
    "downsample_fast_to_medium": 5,
    "downsample_medium_to_slow": 12,
    "epochs": 10,
    "batch_size": 128,
    "lr": 0.0001,
    "sequence_preset": "medium",
    "patience": 10,
    "use_gpu_features": false,
    "use_native_timeframes": true,
    "tf_meta_path": "data/feature_cache/tf_meta_v5.9.0_vixv1_evv1_projv2_bdv3_pbv4_contv2_20150102_20250927_1692233_vix1764643608_ev1765934884_h24.json",
    "generate_native_tf": null,
    "native_tf_streaming": true,
    "continuation_labels_dir": null,
    "device": "mps",
    "ddp": false,
    "num_ddp_gpus": null,
    "gpu_mode": "single",
    "num_workers": 0,
    "feature_workers": null,
    "use_chunking": false,
    "shard_path": "data/feature_cache",
    "output": "models/hierarchical_lnn.pth",
    "config": "config/hierarchical_config.yaml",
    "multi_task": true,
    "use_fusion_head": false,
    "use_compile": false,
    "compile_verbose": false,
    "interactive": true,
    "verify_cache": false,
    "memory_profile": false,
    "debug": false,
    "use_ddp": false,
    "regenerate_cache": false,
    "skip_chunk_validation": true,
    "layer_status": {
      "training_ready": true,
      "labels_ready": true,
      "features_ready": true,
      "can_regenerate_tf": false,
      "can_regenerate_all": false,
      "tf_meta_path": "data/feature_cache/tf_meta_v5.9.0_vixv1_evv1_projv2_bdv3_pbv4_contv2_20150102_20250927_1692233_vix1764643608_ev1765934884_h24.json",
      "tf_sequence_count": 11,
      "tf_timestamps_count": 11,
      "continuation_labels_count": 11,
      "transition_labels_count": 10,
      "non_channel_path": "data/feature_cache/non_channel_features_v5.9.1_vixv1_evv1_projv2_bdv3_pbv4_contv2.1_20150102_20250927_1692233_vix1764643608_ev1765934884_h24.pkl",
      "chunk_meta_path": "data/feature_cache/features_mmap_meta_v5.9.0_vixv1_evv1_projv2_bdv3_pbv4_contv2_20150102_20250927_1692233_vix1764643608_ev1765934884_h24.json",
      "chunk_count": 11,
      "chunks_missing": [
        "mmap_chunks_1766377100/chunk_0000.npy",
        "mmap_chunks_1766377100/chunk_0001.npy",
        "mmap_chunks_1766377100/chunk_0002.npy",
        "mmap_chunks_1766377100/chunk_0003.npy",
        "mmap_chunks_1766377100/chunk_0004.npy",
        "mmap_chunks_1766377100/chunk_0005.npy",
        "mmap_chunks_1766377100/chunk_0006.npy",
        "mmap_chunks_1766377100/chunk_0007.npy",
        "mmap_chunks_1766377100/chunk_0008.npy",
        "mmap_chunks_1766377100/chunk_0009.npy",
        "mmap_chunks_1766377100/chunk_0010.npy"
      ],
      "tf_size_gb": 3.172656516,
      "labels_size_gb": 2.314613577,